"","X1","ENTIDAD","NOM_ENT","MUN","MUNCA","NOM_MUN","LOC","NOM_LOC","AGEB","MZA","POBTOT","POBFEM","POBMAS","P_0A2","P_0A2_F","P_0A2_M","P_3YMAS","P_3YMAS_F","P_3YMAS_M","P_5YMAS","P_5YMAS_F","P_5YMAS_M","P_12YMAS","P_12YMAS_F","P_12YMAS_M","P_15YMAS","P_15YMAS_F","P_15YMAS_M","P_18YMAS","P_18YMAS_F","P_18YMAS_M","P_3A5","P_3A5_F","P_3A5_M","P_6A11","P_6A11_F","P_6A11_M","P_8A14","P_8A14_F","P_8A14_M","P_12A14","P_12A14_F","P_12A14_M","P_15A17","P_15A17_F","P_15A17_M","P_18A24","P_18A24_F","P_18A24_M","P_15A49_F","P_60YMAS","P_60YMAS_F","P_60YMAS_M","REL_H_M","POB0_14","POB15_64","POB65_MAS","PROM_HNV","PNACENT","PNACENT_F","PNACENT_M","PNACOE","PNACOE_F","PNACOE_M","PRES2015","PRES2015_F","PRES2015_M","PRESOE15","PRESOE15_F","PRESOE15_M","P3YM_HLI","P3YM_HLI_F","P3YM_HLI_M","P3HLINHE","P3HLINHE_F","P3HLINHE_M","P3HLI_HE","P3HLI_HE_F","P3HLI_HE_M","P5_HLI","P5_HLI_NHE","P5_HLI_HE","PHOG_IND","POB_AFRO","POB_AFRO_F","POB_AFRO_M","PCON_DISC","PCDISC_MOT","PCDISC_VIS","PCDISC_LENG","PCDISC_AUD","PCDISC_MOT2","PCDISC_MEN","PCON_LIMI","PCLIM_CSB","PCLIM_VIS","PCLIM_HACO","PCLIM_OAUD","PCLIM_MOT2","PCLIM_RE_CO","PCLIM_PMEN","PSIND_LIM","P3A5_NOA","P3A5_NOA_F","P3A5_NOA_M","P6A11_NOA","P6A11_NOAF","P6A11_NOAM","P12A14NOA","P12A14NOAF","P12A14NOAM","P15A17A","P15A17A_F","P15A17A_M","P18A24A","P18A24A_F","P18A24A_M","P8A14AN","P8A14AN_F","P8A14AN_M","P15YM_AN","P15YM_AN_F","P15YM_AN_M","P15YM_SE","P15YM_SE_F","P15YM_SE_M","P15PRI_IN","P15PRI_INF","P15PRI_INM","P15PRI_CO","P15PRI_COF","P15PRI_COM","P15SEC_IN","P15SEC_INF","P15SEC_INM","P15SEC_CO","P15SEC_COF","P15SEC_COM","P18YM_PB","P18YM_PB_F","P18YM_PB_M","GRAPROES","GRAPROES_F","GRAPROES_M","PEA","PEA_F","PEA_M","PE_INAC","PE_INAC_F","PE_INAC_M","POCUPADA","POCUPADA_F","POCUPADA_M","PDESOCUP","PDESOCUP_F","PDESOCUP_M","PSINDER","PDER_SS","PDER_IMSS","PDER_ISTE","PDER_ISTEE","PAFIL_PDOM","PDER_SEGP","PDER_IMSSB","PAFIL_IPRIV","PAFIL_OTRAI","P12YM_SOLT","P12YM_CASA","P12YM_SEPA","PCATOLICA","PRO_CRIEVA","POTRAS_REL","PSIN_RELIG","TOTHOG","HOGJEF_F","HOGJEF_M","POBHOG","PHOGJEF_F","PHOGJEF_M","VIVTOT","TVIVHAB","TVIVPAR","VIVPAR_HAB","VIVPARH_CV","TVIVPARHAB","VIVPAR_DES","VIVPAR_UT","OCUPVIVPAR","PROM_OCUP","PRO_OCUP_C","VPH_PISODT","VPH_PISOTI","VPH_1DOR","VPH_2YMASD","VPH_1CUART","VPH_2CUART","VPH_3YMASC","VPH_C_ELEC","VPH_S_ELEC","VPH_AGUADV","VPH_AEASP","VPH_AGUAFV","VPH_TINACO","VPH_CISTER","VPH_EXCSA","VPH_LETR","VPH_DRENAJ","VPH_NODREN","VPH_C_SERV","VPH_NDEAED","VPH_DSADMA","VPH_NDACMM","VPH_SNBIEN","VPH_REFRI","VPH_LAVAD","VPH_HMICRO","VPH_AUTOM","VPH_MOTO","VPH_BICI","VPH_RADIO","VPH_TV","VPH_PC","VPH_TELEF","VPH_CEL","VPH_INTER","VPH_STVP","VPH_SPMVPI","VPH_CVJ","VPH_SINRTV","VPH_SINLTC","VPH_SINCINT","VPH_SINTIC"
"1",1,11,"Guanajuato",1,"001","Abasolo",0,"Total del municipio",0,0,92040,47187,44853,5112,2515,2597,86923,44669,42254,83655,43009,40646,71592,37083,34509,66565,34605,31960,61603,32197,29406,4856,2413,2443,10475,5173,5302,12141,6034,6107,5027,2478,2549,4962,2408,2554,11426,5703,5723,24296,11108,5806,5302,95.05,25470,58660,7905,2.44,88083,45144,42939,3269,1693,1576,82323,42513,39810,784,380,404,84,"33","51","*","*","0",82,"32","50",81,"0",80,153,"516","266","250",5376,2938,1978,784,1014,973,870,11452,4307,7175,778,2202,545,2031,1264,74563,2088,1055,1033,361,168,193,723,326,397,2954,1492,1462,2701,1365,1336,300,131,169,5057,2923,2134,5880,3050,2830,9185,4782,4403,13051,6699,6352,2187,854,1333,19631,10700,8931,14620,7472,7148,7.73,7.73,7.74,42110,15099,27011,29130,21875,7255,41683,15006,26677,427,93,334,16749,75258,13369,3207,"193",115,57648,586,360,"82",22794,42563,6216,86620,3514,"17",1839,22275,5972,16303,91946,22888,69058,27505,22284,27386,22165,22241,22275,4096,1125,91946,4.13,1.17,21965,273,6357,15881,1152,3971,17115,22134,104,21831,8920,407,16100,5021,20513,502,20762,1476,20436,"17",20363,9460,173,20257,15732,7558,10580,5182,9159,14522,20829,4679,4597,18132,7220,6839,999,786,854,2907,13697,405
"2",2,11,"Guanajuato",2,"002","Acámbaro",0,"Total del municipio",0,0,108697,56489,52208,4793,2412,2381,103869,54060,49809,100184,52239,47945,87626,46029,41597,82330,43490,38840,76891,40765,36126,5724,2831,2893,10519,5200,5319,12420,6072,6348,5296,2539,2757,5439,2725,2714,11672,5946,5726,27450,18338,9739,8599,92.42,26332,68964,13366,2.43,98068,50849,47219,9506,5085,4421,97453,51179,46274,1642,827,815,98,"51","47","*","0","*",97,"51","46",98,"*",97,219,"782","381","401",7385,3940,3090,996,1797,1444,1377,14341,5117,9245,866,3512,857,2982,1378,86345,2078,1019,1059,375,181,194,591,263,328,3637,1908,1729,3084,1606,1478,250,104,146,5984,3263,2721,7248,3685,3563,8744,4679,4065,12913,6471,6442,2268,956,1312,25354,13853,11501,23198,12428,10770,8.34,8.41,8.27,51121,19887,31234,36172,26033,10139,50207,19707,30500,914,180,734,22418,86180,22395,6359,"265",104,56566,292,970,"239",27829,49305,10479,100749,3497,"83",4242,30171,10701,19470,108269,35544,72725,45739,30192,45596,30049,30100,30171,11130,4417,108269,3.59,0.93,29509,579,8648,21436,657,3932,25496,29962,125,29756,19372,331,26328,8237,29378,245,29503,584,29219,"39",29300,13956,201,28148,24443,15197,13760,6108,8236,23600,28618,7600,11243,25177,11292,11819,2337,1879,711,2687,17094,374
"3",3,11,"Guanajuato",3,"003","San Miguel de Allende",0,"Total del municipio",0,0,174615,91538,83077,9781,4833,4948,164784,86680,78104,158168,83371,74797,136485,72600,63885,126897,67897,59000,117311,63014,54297,9710,4856,4854,18589,9224,9365,22354,11033,11321,9588,4703,4885,9586,4883,4703,21648,11327,10321,48542,20204,11019,9185,90.76,47668,112782,14115,2.2,159470,83824,75646,10724,5483,5241,153467,81493,71974,2483,1265,1218,330,"134","196","*","*","0",324,"132","192",325,"*",319,671,"3112","1618","1494",5717,2968,2275,1118,1325,1359,1201,13358,4783,8030,1193,3159,1130,2686,2030,154287,3867,1917,1950,923,425,498,1229,530,699,5770,3144,2626,4513,2496,2017,565,241,324,9670,5979,3691,12427,6997,5430,10344,5095,5249,20051,10054,9997,3725,1674,2051,35459,19606,15853,40728,22143,18585,8.7,8.73,8.66,87924,37608,50316,48064,34782,13282,86918,37382,49536,1006,226,780,61938,112543,25724,5309,"132",77,76638,430,3629,"1327",49734,73850,12894,157627,5060,"299",11362,44543,15887,28656,173859,57079,116780,61035,44573,59895,43433,44484,44543,8652,7810,173859,3.9,1.04,43191,1281,13004,31468,1598,7017,35855,44020,452,42800,24514,1672,36644,8306,40142,1644,40808,3664,39530,"107",39737,19647,438,40867,31961,21040,22864,6149,6897,29835,41363,14754,14423,38093,20862,23867,6508,2788,1924,5119,22066,966
"4",4,11,"Guanajuato",4,"004","Apaseo el Alto",0,"Total del municipio",0,0,63392,32842,30550,3268,1625,1643,60120,31214,28906,57713,30036,27677,49438,25913,23525,45885,24111,21774,42387,22382,20005,3581,1772,1809,7101,3529,3572,8233,4110,4123,3553,1802,1751,3498,1729,1769,7785,4031,3754,17333,7224,3772,3452,93.02,17503,40836,5049,2.38,51906,27105,24801,10899,5456,5443,56406,29495,26911,881,465,416,91,"32","59","0","0","0",90,"32","58",90,"0",89,260,"580","291","289",3693,1966,1603,493,779,647,717,7113,2357,4652,407,1471,308,1442,792,52202,1348,643,705,256,118,138,327,158,169,2317,1211,1106,1931,1070,861,176,81,95,3681,2072,1609,5035,2589,2446,4376,2162,2214,7861,4037,3824,1223,478,745,14795,8049,6746,11088,6001,5087,7.93,8.04,7.81,29864,11698,18166,19406,14165,5241,29339,11612,17727,525,86,439,13347,50012,13353,2117,"196",64,33968,80,399,"104",16241,28843,4351,59123,1834,"14",2360,16165,5413,10752,63376,19874,43502,22999,16171,22831,16003,16136,16165,5435,1393,63376,3.92,1.09,15713,421,4835,11298,558,2757,12818,16047,86,15951,10827,182,13693,1135,15467,186,15546,587,15405,"18",15416,6938,124,15093,11730,7893,8374,2601,2527,11810,15247,3917,3198,13674,6198,6210,920,880,489,1766,9144,266
"5",5,11,"Guanajuato",5,"005","Apaseo el Grande",0,"Total del municipio",0,0,117883,60630,57253,5500,2684,2816,106949,55230,51719,102682,53065,49617,88009,45722,42287,81652,42597,39055,75734,39646,36088,6365,3277,3088,12575,6231,6344,14772,7255,7517,6357,3125,3232,5918,2951,2967,13908,7013,6895,32480,9749,5096,4653,94.43,30797,75067,6585,2.12,77677,40505,37172,33898,16948,16950,86271,44981,41290,15670,7828,7842,309,"140","169","*","*","0",301,"133","168",306,"*",298,658,"1497","742","755",4892,2412,2162,784,991,920,936,10960,3649,6895,887,2248,697,2068,1371,95801,2452,1170,1282,617,310,307,604,284,320,3875,1953,1922,3126,1595,1531,311,139,172,4317,2566,1751,5679,3097,2582,6196,3335,2861,11320,6119,5201,2211,983,1228,27227,14457,12770,26285,13158,13127,8.85,8.75,8.96,54766,21922,32844,33017,23704,9313,53660,21632,32028,1106,290,816,25494,86801,50748,3262,"99",105,30841,434,1403,"688",28386,51337,8200,98897,5653,"65",7610,31264,9993,21271,117842,35360,82482,40881,31269,35854,26242,31245,31264,8022,1590,117842,3.77,1.09,28713,1081,8387,21417,831,5902,23071,29663,145,29470,20545,338,21108,4454,29022,405,29160,643,28880,"33",28901,13655,149,27534,22143,14274,13689,5836,11838,21815,28116,9303,6258,26791,14691,14047,3684,2531,775,2313,13410,317
"6",6,11,"Guanajuato",6,"006","Atarjea",0,"Total del municipio",0,0,5296,2713,2583,263,129,134,5033,2584,2449,4828,2481,2347,4136,2105,2031,3802,1947,1855,3493,1797,1696,306,158,148,591,321,270,744,385,359,334,158,176,309,150,159,527,265,262,1268,907,461,446,95.21,1494,3078,724,3.25,4086,2068,2018,1184,631,553,4635,2373,2262,172,104,68,5,"4","*","0","0","0",5,"4","*",4,"0",4,17,"*","*","*",597,300,318,57,137,79,93,972,335,639,52,189,29,234,68,3706,87,41,46,26,15,11,13,5,8,250,127,123,109,63,46,15,6,9,501,304,197,587,313,274,476,210,266,600,276,324,83,37,46,1095,594,501,809,449,360,7.23,7.41,7.05,1903,545,1358,2215,1553,662,1852,541,1311,51,4,47,798,4492,77,277,"19",3,4150,3,13,"4",1345,2407,383,4897,50,"8",266,1558,473,1085,5287,1379,3908,2232,1559,2230,1557,1551,1558,420,253,5287,3.39,1.06,1512,39,652,899,84,323,1144,1501,50,906,258,645,1243,433,1094,247,1226,302,756,"21",1023,1091,125,970,650,232,446,61,37,503,1168,199,43,881,529,503,23,6,301,652,976,196
"7",7,11,"Guanajuato",7,"007","Celaya",0,"Total del municipio",0,0,521169,268124,253045,22612,10988,11624,497716,256715,241001,479437,247804,231633,418215,217862,200353,392140,205010,187130,365309,191959,173350,28351,13788,14563,51150,25065,26085,60612,29724,30888,26075,12852,13223,26831,13051,13780,63024,31283,31741,144091,60124,32623,27501,94.38,128188,352485,39655,1.98,459580,237301,222279,57246,28718,28528,466919,242392,224527,9777,4623,5154,1076,"466","610","13","9","4",985,"419","566",1068,"11",981,2608,"12889","6516","6373",20807,10412,8620,3425,4410,4335,3916,48725,15252,30945,3417,10380,2784,9020,5773,447365,9264,4517,4747,2436,1189,1247,2305,1039,1266,19838,9930,9908,22861,11489,11372,1478,678,800,13175,7991,5184,17929,10218,7711,21136,11471,9665,46143,25172,20971,9742,4284,5458,108974,57649,51325,173731,88462,85269,10.11,9.98,10.25,262642,111589,151053,154424,105776,48648,258044,110214,147830,4598,1375,3223,126329,393430,238142,31084,"752",710,114072,1832,9841,"1953",147000,224964,45943,458610,26928,"495",33450,143420,49539,93881,519772,168837,350935,180622,143512,174344,137234,143297,143420,31105,6005,519772,3.62,0.94,138491,4509,34857,108189,3418,18411,121211,142593,464,141408,121316,1648,112474,60228,141923,605,141891,1029,140398,"89",141484,58503,501,135959,119273,85158,75903,21648,58399,102673,136683,62851,64735,128759,84102,70319,29532,19331,3426,8679,51492,1270
"8",8,11,"Guanajuato",8,"008","Manuel Doblado",0,"Total del municipio",0,0,41240,21463,19777,2304,1147,1157,38933,20314,18619,37396,19550,17846,31674,16665,15009,29423,15575,13848,27261,14528,12733,2343,1172,1171,4916,2477,2439,5484,2710,2774,2251,1090,1161,2162,1047,1115,4726,2498,2228,10733,5644,2916,2728,92.14,11814,25244,4179,2.63,37923,19757,18166,2740,1406,1334,36102,19106,16996,524,260,264,23,"11","12","0","0","0",23,"11","12",22,"0",22,63,"231","106","125",2740,1411,1041,378,585,482,563,5688,1887,3478,282,1162,201,1432,586,32564,1122,561,561,182,87,95,403,194,209,1065,545,520,833,468,365,219,84,135,2585,1465,1120,3046,1581,1465,4511,2131,2380,5931,2903,3028,886,378,508,9408,5510,3898,4937,2705,2232,7.2,7.39,6.98,18933,7035,11898,12594,9566,3028,18737,6991,11746,196,44,152,6870,34354,6023,1017,"166",28,27076,48,182,"20",9917,18627,3121,38259,1687,"22",1252,11183,3367,7816,41222,10981,30241,15891,11186,15857,11152,11168,11183,3385,1320,41222,3.69,1.03,11013,154,3666,7502,435,1879,8854,11054,114,10961,5173,207,9325,1144,10405,77,10432,736,10278,"25",10317,3788,95,10181,9085,5183,6324,3331,4913,7690,10386,2609,3034,9292,3676,2837,636,642,439,1123,6657,194
"9",9,11,"Guanajuato",9,"009","Comonfort",0,"Total del municipio",0,0,82216,43483,38733,4950,2391,2559,77265,41092,36173,74076,39478,34598,63027,33926,29101,58343,31565,26778,53561,29189,24372,4741,2400,2341,9497,4766,4731,11031,5594,5437,4684,2361,2323,4782,2376,2406,10616,5597,5019,23154,8351,4596,3755,89.08,23872,52530,5813,2.41,79047,41858,37189,2681,1386,1295,72974,39124,33850,517,251,266,228,"121","107","0","0","0",228,"121","107",227,"0",227,232,"457","257","200",3514,1880,1378,538,727,628,649,7979,3011,4778,617,1702,413,1618,809,70344,1971,998,973,325,149,176,488,210,278,2871,1501,1370,2368,1327,1041,283,110,173,4740,2883,1857,5677,3172,2505,5564,2794,2770,9042,4611,4431,1651,713,938,19849,10987,8862,14554,8159,6395,8.17,8.25,8.07,37053,14797,22256,25789,19067,6722,36412,14684,21728,641,113,528,17324,64855,15465,3061,"282",44,44551,1137,323,"398",22029,35053,5934,78057,2197,"18",1898,19536,7831,11705,82195,31589,50606,24694,19541,24662,19509,19482,19536,3601,1552,82195,4.21,1.2,18195,1287,6000,13482,893,3906,14682,19212,270,17521,12952,1961,13259,5865,16735,1105,17033,2449,16044,"109",16601,11612,356,16350,12261,7150,6834,2355,9432,11821,17836,4023,3673,15490,7073,7541,1158,829,1041,3357,11607,603
"10",10,11,"Guanajuato",10,"010","Coroneo",0,"Total del municipio",0,0,11083,5813,5270,549,279,270,10534,5534,5000,10113,5341,4772,8609,4590,4019,7980,4287,3693,7345,4005,3340,621,296,325,1304,648,656,1513,742,771,629,303,326,635,282,353,1158,613,545,2878,1531,828,703,90.66,3103,6869,1111,2.51,8557,4501,4056,2417,1268,1149,9648,5105,4543,379,216,163,20,"9","11","0","0","0",20,"9","11",19,"0",19,52,"97","51","46",694,366,310,102,150,129,146,1609,491,1041,68,293,55,343,166,8723,256,116,140,53,26,27,52,23,29,458,213,245,238,135,103,22,8,14,614,350,264,746,395,351,965,469,496,1361,641,720,209,79,130,2669,1531,1138,1754,1037,717,7.77,8.03,7.48,4976,1935,3041,3582,2646,936,4807,1910,2897,169,25,144,1818,9258,416,281,"80",4,8320,35,133,"24",2927,4731,951,10658,132,"4",286,3133,1050,2083,11063,3088,7975,5070,3135,5064,3129,3124,3133,1338,597,11063,3.53,0.95,3079,45,997,2127,39,377,2708,3099,25,3092,1239,32,2946,239,2982,33,2921,203,2892,"4",2912,1246,38,2867,2067,1334,1800,354,548,1995,2848,504,447,2698,757,756,70,83,143,335,2184,58
"11",11,11,"Guanajuato",11,"011","Cortazar",0,"Total del municipio",0,0,97928,50393,47535,4800,2390,2410,93085,47982,45103,89978,46461,43517,78512,40896,37616,73444,38339,35105,68329,35879,32450,4742,2321,2421,9831,4765,5066,11648,5745,5903,5068,2557,2511,5115,2460,2655,11889,6067,5822,26931,11900,6242,5658,94.33,24441,65265,8179,2.14,92880,47889,44991,4499,2239,2260,88592,45887,42705,954,458,496,154,"56","98","0","0","0",138,"51","87",152,"0",137,345,"1178","588","590",4300,2394,1658,671,949,860,765,8716,3166,5221,583,2073,490,1805,1139,84270,1669,822,847,456,216,240,499,241,258,3430,1649,1781,3284,1676,1608,263,116,147,3695,2132,1563,4233,2300,1933,6885,3895,2990,11749,6531,5218,1932,861,1071,22904,12141,10763,23363,11403,11960,8.82,8.65,9.02,47608,18911,28697,30649,21885,8764,46644,18657,27987,964,254,710,19936,77906,41432,4055,"201",239,30300,425,697,"1195",24868,44841,8779,86808,5745,"54",5212,25373,8218,17155,97853,29799,68054,31346,25388,31267,25309,25363,25373,5106,852,97853,3.86,1.03,24324,1028,6793,18559,641,3985,20725,25207,145,25068,20706,284,19012,7037,24633,231,24653,680,24395,"35",24452,11986,158,23640,21142,14029,10631,5971,13983,18025,24004,8262,8721,21654,11691,8658,3045,2298,752,2435,12195,386
"12",12,11,"Guanajuato",12,"012","Cuerámaro",0,"Total del municipio",0,0,30857,15990,14867,1657,818,839,29197,15170,14027,28134,14677,13457,24029,12649,11380,22371,11883,10488,20691,11062,9629,1645,764,881,3523,1757,1766,3995,1928,2067,1658,766,892,1680,821,859,3670,1867,1803,8108,4165,2211,1954,92.98,8483,19326,3045,2.56,28486,14796,13690,1809,910,899,27322,14357,12965,447,219,228,30,"12","18","*","0","*",29,"12","17",29,"0",29,55,"116","56","60",2080,1127,797,329,423,413,423,4082,1329,2442,281,813,164,976,474,24484,668,307,361,132,57,75,238,102,136,980,506,474,819,416,403,98,43,55,1862,1054,808,2263,1173,1090,2795,1409,1386,4156,2111,2045,818,381,437,6641,3832,2809,5049,2640,2409,7.74,7.8,7.67,13379,4800,8579,10574,7818,2756,13183,4769,8414,196,31,165,6822,24019,3178,1483,"98",12,19226,53,92,"30",7673,13700,2656,28402,1607,"17",809,8160,2852,5308,30741,9986,20755,11338,8163,11325,8150,8155,8160,2418,757,30741,3.77,1.06,8017,138,2631,5523,293,1469,6392,8099,55,8089,5968,65,5757,658,7864,56,7866,288,7797,"5",7807,3110,58,7553,6052,3169,3903,2604,4150,5075,7607,1756,2058,6901,2647,2195,421,398,344,779,5079,132
"13",13,11,"Guanajuato",13,"013","Doctor Mora",0,"Total del municipio",0,0,27390,14257,13133,1759,862,897,25631,13395,12236,24537,12843,11694,20624,10902,9722,18997,10120,8877,17302,9285,8017,1637,819,818,3370,1674,1696,3915,1885,2030,1627,782,845,1695,835,860,3716,1951,1765,7625,2606,1384,1222,92.12,8393,17196,1801,2.5,24756,12903,11853,2422,1248,1174,23933,12610,11323,412,195,217,37,"19","18","0","0","0",29,"15","14",36,"0",28,81,"98","52","46",1092,512,484,161,246,201,214,1991,617,1232,117,469,100,322,260,24205,508,250,258,126,62,64,116,48,68,1192,613,579,887,485,402,62,23,39,1760,1025,735,2136,1154,982,1623,765,858,2907,1437,1470,432,193,239,6487,3578,2909,4606,2558,2048,8.06,8.21,7.89,11632,4218,7414,8880,6638,2242,11392,4174,7218,240,44,196,4634,22749,3465,905,"99",22,18191,103,42,"74",7611,11467,1543,26573,401,"*",403,6761,2361,4400,27364,8786,18578,8464,6764,8432,6732,6755,6761,1379,321,27364,4.05,1.17,6627,128,2282,4473,255,1204,5296,6693,62,6707,2297,48,6141,980,6403,40,6412,343,6370,"15",6354,2361,87,5675,4555,2095,3956,1517,3551,4193,6198,1228,559,5542,1963,1455,295,147,350,1144,4492,194
"14",14,11,"Guanajuato",14,"014","Dolores Hidalgo Cuna de la Independencia Nacional",0,"Total del municipio",0,0,163038,86327,76711,9746,4832,4914,153127,81411,71716,145968,77808,68160,122384,66191,56193,112618,61319,51299,102896,56429,46467,10868,5436,5432,19875,9784,10091,23101,11438,11663,9766,4872,4894,9722,4890,4832,21042,11293,9749,45586,15765,8534,7231,88.86,50255,101578,11040,2.44,153106,81508,71598,8757,4239,4518,141823,76371,65452,2601,1196,1405,915,"371","544","38","17","21",848,"345","503",884,"32",826,600,"3061","1659","1402",8844,4073,3826,1557,1958,2016,1883,18879,5351,12473,1421,3986,1030,3942,1864,134146,3268,1645,1623,740,351,389,1493,586,907,5527,3014,2513,5046,2838,2208,556,224,332,9072,5452,3620,11145,6082,5063,11912,5793,6119,20973,10578,10395,4090,1798,2292,31201,18449,12752,29672,16609,13063,8.07,8.21,7.9,76217,31797,44420,45342,34258,11084,75382,31590,43792,835,207,628,38953,123861,25129,6730,"520",68,89807,725,1256,"330",44734,67049,10578,155149,3521,"38",4012,38964,13889,25075,161787,53193,108594,50340,38976,50207,38843,38928,38964,8519,2845,161787,4.15,1.09,37251,1628,11110,27769,1281,5785,31812,38295,584,37688,21537,1192,30612,2902,35100,940,35514,3355,34778,"174",34768,15665,384,34478,29591,16858,20371,8007,14730,27907,35503,10043,8517,33641,17460,20809,3430,2313,1738,4114,19927,775
"15",15,11,"Guanajuato",15,"015","Guanajuato",0,"Total del municipio",0,0,194500,100462,94038,9462,4743,4719,184910,95647,89263,177925,92204,85721,155454,81182,74272,145735,76300,69435,136247,71562,64685,10214,5039,5175,19242,9426,9816,22828,11262,11566,9719,4882,4837,9488,4738,4750,24592,12313,12279,54749,20789,11337,9452,93.61,48637,132066,13669,1.99,181193,93622,87571,11816,6115,5701,173744,90514,83230,2676,1297,1379,281,"138","143","*","*","*",257,"126","131",275,"*",252,468,"6384","3267","3117",7940,3837,3459,1180,1786,1516,1404,18735,5961,12190,1261,3876,1102,3237,2378,166269,2852,1399,1453,884,421,463,718,329,389,7073,3710,3363,10405,5353,5052,450,198,252,4821,2809,2012,6100,3307,2793,8595,4441,4154,16621,8623,7998,3329,1514,1815,37352,19328,18024,68296,36074,32222,10.46,10.47,10.45,95753,40652,55101,59323,40354,18969,93436,40021,53415,2317,631,1686,27808,166385,66668,29648,"3500",278,59389,869,5880,"2810",57471,82704,15199,176707,6243,"186",10818,51675,18768,32907,193690,65105,128585,63114,51688,61214,49788,51639,51675,7431,3995,193690,3.75,0.91,50799,778,12292,39298,1827,6052,43706,51321,273,49641,39971,1945,46778,6064,49893,432,50011,1553,48561,"78",49700,23813,303,48561,42650,30279,26248,5205,5158,37244,48522,25168,21247,46529,31336,29956,11362,6640,1728,3769,17455,629
"16",16,11,"Guanajuato",16,"016","Huanímaro",0,"Total del municipio",0,0,21128,11137,9991,1093,524,569,20033,10613,9420,19271,10222,9049,16553,8854,7699,15416,8275,7141,14272,7703,6569,1162,593,569,2318,1166,1152,2694,1352,1342,1137,579,558,1144,572,572,2489,1320,1169,5602,3005,1578,1427,89.71,5710,13156,2260,2.49,20118,10550,9568,819,477,342,18875,10072,8803,213,112,101,11,"6","5","0","0","0",11,"6","5",11,"0",11,30,"40","24","16",1347,722,515,145,304,219,243,2618,917,1668,90,546,52,427,301,17052,319,148,171,65,32,33,137,69,68,700,371,329,534,283,251,86,35,51,1034,565,469,981,484,497,2352,1233,1119,2927,1530,1397,392,150,242,5137,3036,2101,3148,1578,1570,7.8,7.8,7.8,8775,3036,5739,7698,5789,1909,8660,3023,5637,115,13,102,2239,18885,973,777,"71",21,17015,14,48,"194",5556,9503,1494,19687,925,"0",508,5372,1361,4011,21128,4512,16616,7390,5372,7287,5269,5372,5372,1520,498,21128,3.93,1.09,5335,34,1447,3922,162,850,4358,5347,23,5338,2126,32,4458,1146,5163,33,5166,204,5138,"4",5108,2633,45,4785,4027,2325,2561,575,2277,3262,5029,1201,1278,4253,1816,1176,171,152,206,726,3213,96
"17",17,11,"Guanajuato",17,"017","Irapuato",0,"Total del municipio",0,0,592953,302183,290770,29487,14673,14814,563339,287446,275893,541668,276749,264919,469377,241139,228238,439479,226430,213049,409113,211419,197694,32784,15999,16785,61178,30308,30870,71128,35071,36057,29898,14709,15189,30366,15011,15355,74847,36556,38291,161420,64480,34937,29543,96.22,153347,396057,43422,2.06,534519,274974,259545,54795,25529,29266,526279,271445,254834,13189,4750,8439,742,"314","428","8","5","3",715,"300","415",737,"8",710,1811,"8498","4204","4294",21385,11071,8385,3785,4340,5070,4133,44272,14982,27151,3372,9642,2889,7774,6546,523510,12711,6238,6473,3484,1751,1733,3301,1607,1694,20917,10529,10388,22005,11014,10991,1582,735,847,17330,11002,6328,21814,12900,8914,26985,15082,11903,61145,33352,27793,11076,4953,6123,129862,66958,62904,173354,85211,88143,9.66,9.46,9.87,285598,116870,168728,177369,123706,53663,280623,115569,165054,4975,1301,3674,112281,480249,283558,30953,"1407",14857,142271,1530,7621,"3538",160359,260206,48696,528279,33922,"702",29439,151888,47141,104747,585681,170236,415445,179354,151961,177744,150351,151777,151888,23103,4290,585681,3.86,0.98,148865,2884,36630,115125,4267,19446,128043,151480,279,149628,118072,2131,120510,75719,149064,1155,149478,2273,147526,"51",148626,58527,755,143494,126016,82356,78005,32192,52249,114521,144407,59585,59083,133506,77448,65454,27840,18077,3889,12246,65516,1731
"18",18,11,"Guanajuato",18,"018","Jaral del Progreso",0,"Total del municipio",0,0,38782,19935,18847,1954,970,984,36827,18964,17863,35509,18314,17195,30743,15996,14747,28664,14945,13719,26666,13971,12695,1983,976,1007,4101,1992,2109,4836,2380,2456,2079,1051,1028,1998,974,1024,4605,2352,2253,10192,5217,2697,2520,94.54,10117,24953,3711,2.28,36760,18883,17877,1684,862,822,34868,18060,16808,417,206,211,29,"13","16","0","0","0",29,"13","16",29,"0",29,63,"321","167","154",2541,1349,1067,266,532,386,374,5597,1786,3734,298,1176,177,1033,417,30458,672,342,330,173,83,90,217,110,107,1327,667,660,1123,601,522,111,44,67,1996,1111,885,1784,895,889,3175,1788,1387,4520,2262,2258,739,322,417,10415,5634,4781,7104,3566,3538,8.37,8.33,8.41,17395,6360,11035,13282,9613,3669,17018,6303,10715,377,57,320,5642,33130,9468,2387,"39",75,20938,21,343,"80",8939,18414,3389,34051,2399,"7",2294,9994,3261,6733,38768,11860,26908,13077,9998,13071,9992,9977,9994,2326,753,38768,3.88,1.1,9744,233,2950,7027,324,1749,7904,9944,33,9917,8537,60,7552,554,9798,48,9857,120,9798,"4",9775,5373,81,9122,8151,4555,3916,1564,6597,6673,9519,2314,2345,8192,2758,1927,427,519,283,1242,6446,166
"19",19,11,"Guanajuato",19,"019","Jerécuaro",0,"Total del municipio",0,0,49517,25903,23614,2775,1359,1416,46742,24544,22198,44870,23586,21284,38370,20376,17994,35654,18997,16657,33101,17705,15396,2803,1394,1409,5569,2774,2795,6440,3223,3217,2716,1379,1337,2553,1292,1261,5560,2951,2609,12917,7103,3674,3429,91.16,13863,30402,5252,2.8,44597,23378,21219,4517,2323,2194,43629,23083,20546,741,412,329,29,"11","18","0","0","0",27,"10","17",29,"0",27,87,"321","170","151",3344,1868,1337,521,838,716,718,6156,2364,3631,449,1398,308,1645,558,39806,1121,591,530,203,105,98,444,201,243,1363,759,604,826,480,346,106,43,63,4419,2295,2124,5391,2565,2826,4364,1863,2501,6077,2696,3381,842,352,490,12425,7688,4737,5565,3271,2294,7.01,7.47,6.5,21799,7572,14227,16377,12755,3622,21267,7447,13820,532,125,407,7554,41945,2264,1354,"63",18,37864,280,71,"128",11930,23135,3296,48005,536,"5",907,13760,5454,8306,49452,18443,31009,21773,13770,21745,13742,13754,13760,5662,2341,49452,3.59,1.05,13491,263,4948,8806,488,2556,10710,13585,169,13345,3092,409,11953,2314,12365,320,12396,1356,12144,"55",12159,6995,190,12451,9253,6086,6315,1534,1319,8740,12683,1542,2332,11007,2495,2603,202,285,682,1955,10662,370
"20",20,11,"Guanajuato",20,"020","León",0,"Total del municipio",0,0,1721215,874542,846673,85112,41780,43332,1631940,830683,801257,1569818,799952,769866,1359560,696821,662739,1269313,652132,617181,1177073,606733,570340,92928,45896,47032,179452,87966,91486,210242,103505,106737,90247,44689,45558,92240,45399,46841,218124,108279,109845,478834,165649,89518,76131,96.81,447739,1160943,108370,2.04,1531577,779032,752545,172613,87305,85308,1523755,779412,744343,36276,17436,18840,3579,"1615","1964","66","35","31",2967,"1308","1659",3521,"53",2943,7043,"47366","23695","23671",75129,34374,33339,11090,14568,13445,13708,168279,48265,109103,9806,31283,7569,32652,22233,1461222,37199,18322,18877,9627,4507,5120,10977,5035,5942,58766,30426,28340,64655,33353,31302,5315,2260,3055,42086,25121,16965,58731,32499,26232,82767,42876,39891,179526,90913,88613,43508,18899,24609,352866,183187,169679,510395,261152,249243,9.75,9.71,9.8,900923,376558,524365,454794,318481,136313,883463,371854,511609,17460,4704,12756,381804,1333176,923024,67329,"2879",987,306572,3602,42674,"4531",494732,726077,137175,1554840,68766,"2260",87708,440662,138876,301786,1716812,511812,1205000,511648,440870,495150,424372,440180,440662,60137,10641,1716812,3.9,1,432607,5965,93594,345190,9189,47945,381631,437847,971,423047,394674,15707,367568,145913,435888,1328,435016,2885,420648,"192",433974,177026,1211,413152,374781,244345,240226,54687,135100,339147,421943,193669,168636,404901,262811,210050,104200,74019,7625,20595,152647,2385
"21",21,11,"Guanajuato",21,"021","Moroleón",0,"Total del municipio",0,0,47261,24559,22702,1589,762,827,45672,23797,21875,44366,23144,21222,39729,20887,18842,37544,19826,17718,35309,18731,16578,1955,959,996,3988,1951,2037,4913,2407,2506,2185,1061,1124,2235,1095,1140,4728,2326,2402,12531,8019,4407,3612,92.44,9717,31757,5787,1.96,43772,22809,20963,3150,1594,1556,43909,22947,20962,294,149,145,13,"4","9","0","0","0",13,"4","9",13,"0",13,34,"345","170","175",2037,1162,777,278,556,417,430,3864,1519,2140,314,1029,382,913,448,41104,656,327,329,299,155,144,263,134,129,1641,806,835,1700,830,870,76,34,42,2025,1221,804,2148,1242,906,4338,2459,1879,8210,4501,3709,1039,467,572,8133,4352,3781,12370,6119,6251,8.7,8.46,8.96,25507,11521,13986,14100,9309,4791,25071,11386,13685,436,135,301,10642,36587,6675,1977,"177",21,26295,567,864,"215",13187,21809,4732,42891,1925,"39",2376,14271,5065,9206,47212,15647,31565,19856,14275,19744,14163,14259,14271,4004,1577,47212,3.31,0.87,14161,97,4015,10243,198,1692,12368,14235,23,14192,13321,66,13645,4803,14097,97,14168,90,14103,"*",14094,3784,32,13857,12107,8568,6946,8255,4684,11291,13816,5318,6335,12048,7164,6088,1773,1081,233,1145,6392,98
"22",22,11,"Guanajuato",22,"022","Ocampo",0,"Total del municipio",0,0,26383,12881,13502,1638,792,846,24744,12089,12655,23724,11591,12133,20181,9860,10321,18743,9129,9614,17149,8329,8820,1534,753,781,3029,1476,1553,3485,1741,1744,1438,731,707,1594,800,794,3260,1723,1537,6736,2789,1416,1373,104.82,7639,16713,2030,2.82,22324,11413,10911,3703,1309,2394,21477,11366,10111,296,157,139,30,"9","21","0","0","0",18,"7","11",30,"0",18,58,"308","160","148",1545,747,591,300,307,344,318,2927,923,1692,248,531,120,701,296,21793,592,289,303,97,42,55,259,114,145,787,441,346,430,253,177,85,29,56,1504,783,721,1979,839,1140,2903,1185,1718,3036,1436,1600,1371,284,1087,5694,3501,2193,3296,1616,1680,7.16,7.58,6.7,11790,3489,8301,8317,6353,1964,11660,3469,8191,130,20,110,5575,20801,1735,616,"82",5,18338,35,52,"15",6846,11715,1599,24817,898,"28",587,6134,2070,4064,24749,7688,17061,8897,6137,8881,6121,6129,6134,1869,891,24749,4.03,1.04,5934,195,1915,4214,164,764,5201,6026,103,5870,4882,259,5101,1016,5683,147,5713,416,5545,"40",5619,2454,82,5169,4725,3005,3268,1519,3567,3617,5705,945,931,5190,1084,4158,151,246,268,700,4597,129
"23",23,11,"Guanajuato",23,"023","Pénjamo",0,"Total del municipio",0,0,154960,80543,74417,8232,4023,4209,146684,76498,70186,141101,73732,67369,121451,64051,57400,113198,59986,53212,105043,55913,49130,8320,4052,4268,16913,8395,8518,19684,9687,9997,8253,4065,4188,8155,4073,4082,18491,9395,9096,40889,21087,11346,9741,92.39,41718,97767,15431,2.47,132663,68789,63874,20888,11036,9852,137799,72462,65337,1970,1042,928,107,"45","62","*","0","*",99,"43","56",104,"*",96,246,"2108","1097","1011",10826,5869,4135,1502,2145,2007,2022,19922,7301,11720,1342,4030,1027,4277,2139,123217,3371,1643,1728,544,246,298,1130,551,579,4895,2545,2350,4019,2091,1928,584,219,365,9244,5541,3703,9876,5371,4505,16810,9047,7763,21298,11248,10050,4041,1760,2281,30333,16967,13366,27500,13796,13704,7.77,7.69,7.86,69059,25174,43885,51949,38727,13222,67829,24933,42896,1230,241,989,29291,125581,30274,7417,"323",172,86087,1303,780,"452",38859,70427,12148,142134,7480,"36",5170,39604,12416,27188,154569,44009,110560,52573,39613,52306,39346,39571,39604,9394,3566,154569,3.9,1.07,38907,651,11468,28089,1495,6233,31831,39274,285,38531,19986,1028,30062,7255,36041,655,36242,3316,35782,"71",35643,16731,436,35712,28317,15978,18141,10296,10055,24834,36649,8443,11510,31215,10993,15287,1947,1780,1755,5227,26024,871
"24",24,11,"Guanajuato",24,"024","Pueblo Nuevo",0,"Total del municipio",0,0,12403,6482,5921,625,319,306,11757,6152,5605,11335,5931,5404,9757,5161,4596,9112,4850,4262,8480,4534,3946,648,335,313,1352,656,696,1528,746,782,645,311,334,632,316,316,1398,702,696,3254,1742,959,783,91.35,3270,7814,1298,2.38,11892,6221,5671,358,177,181,11185,5877,5308,63,28,35,13,"3","10","0","0","0",13,"3","10",13,"0",13,20,"30","12","18",650,371,194,112,150,181,125,1083,478,546,122,315,123,205,120,10593,271,146,125,72,32,40,97,47,50,370,186,184,238,120,118,39,17,22,770,480,290,851,473,378,1116,619,497,1839,932,907,248,87,161,2782,1591,1191,1994,1008,986,7.77,7.67,7.87,5185,1761,3424,4449,3362,1087,5057,1741,3316,128,20,108,2157,10215,1759,381,"78",23,7587,38,345,"121",3119,5739,894,11934,284,"*",154,3281,929,2352,12390,3048,9342,4511,3284,4499,3272,3275,3281,883,344,12390,3.78,1.02,3235,36,833,2438,111,529,2631,3264,7,3259,1664,12,2855,588,3140,16,3192,79,3180,"*",3129,1075,30,3056,2714,1493,1733,1169,1767,2295,3059,686,897,2661,1086,1034,228,195,121,395,2025,62
"25",25,11,"Guanajuato",25,"025","Purísima del Rincón",0,"Total del municipio",0,0,83842,42508,41334,4692,2300,2392,78894,40081,38813,75531,38390,37141,63671,32554,31117,58825,30153,28672,53941,27769,26172,5061,2510,2551,10162,5017,5145,11588,5697,5891,4846,2401,2445,4884,2384,2500,11231,5608,5623,23204,6832,3594,3238,97.24,24761,54183,4642,2.31,74758,37781,36977,8114,4219,3895,73965,37681,36284,1153,577,576,160,"69","91","4","*","*",155,"67","88",157,"3",153,332,"1303","644","659",4256,1899,1870,578,784,689,736,8971,2441,5877,584,1643,366,1690,1143,69737,2198,1079,1119,564,253,311,1068,489,579,2455,1313,1142,2137,1206,931,358,165,193,2584,1511,1073,3177,1740,1437,7498,3729,3769,16640,8128,8512,2798,1174,1624,15195,8215,6980,11682,6155,5527,7.72,7.78,7.66,43493,17840,25653,19954,14630,5324,43102,17761,25341,391,79,312,18721,64771,24647,1503,"78",23,37421,127,1250,"145",22277,35589,5737,75946,4499,"23",3002,19865,6195,13670,83685,24669,59016,23696,19873,23002,19179,19843,19865,3188,635,83685,4.21,1.18,19491,278,5373,14399,861,3586,15325,19686,86,19481,18157,291,15720,1790,19541,69,19550,209,19291,"21",19477,6428,98,18174,16822,8295,9811,7717,11512,14303,18667,4845,5180,17545,6490,8156,1490,1622,580,1450,11806,231
"26",26,11,"Guanajuato",26,"026","Romita",0,"Total del municipio",0,0,65766,33513,32253,4050,2012,2038,61715,31501,30214,59031,30216,28815,50022,25821,24201,46431,24020,22411,42824,22266,20558,3987,1983,2004,7706,3697,4009,8650,4216,4434,3591,1801,1790,3607,1754,1853,8310,4222,4088,17450,7132,3786,3346,96.24,19334,41331,5100,2.54,62566,31892,30674,2556,1298,1258,58037,29794,28243,650,325,325,94,"45","49","8","6","*",84,"37","47",92,"7",83,147,"393","212","181",2915,1550,1095,486,639,630,527,6047,2282,3628,467,1287,389,1229,878,56346,1727,802,925,315,148,167,496,233,263,2055,1059,996,1669,900,769,233,95,138,3515,2040,1475,3671,1943,1728,6662,3283,3379,8384,4211,4173,1533,675,858,15247,8392,6855,9506,4766,4740,7.75,7.77,7.74,27889,9011,18878,21969,16773,5196,27530,8943,18587,359,68,291,8224,57516,11220,2622,"106",40,42964,131,259,"468",16021,29663,4319,58945,3612,"12",3152,16202,5133,11069,65734,19661,46073,20510,16207,20349,16046,16175,16202,3761,542,65734,4.06,1.18,15901,273,4840,11334,676,3282,12216,16087,87,15893,7420,281,11992,2547,15235,205,15298,876,15052,"11",15028,8148,208,14175,12741,5328,6825,2729,9300,10794,14908,2932,3027,12554,4642,4149,672,488,731,2757,10801,412
"27",27,11,"Guanajuato",27,"027","Salamanca",0,"Total del municipio",0,0,273417,141139,132278,12121,5956,6165,261175,135122,126053,252149,130606,121543,221707,115590,106117,208256,108971,99285,194601,102183,92418,13376,6640,6736,26092,12892,13200,31203,15347,15856,13451,6619,6832,13655,6788,6867,31675,15865,15810,73938,35783,19149,16634,93.72,65040,183866,24390,2.08,250955,129663,121292,21053,10730,10323,247413,128706,118707,3522,1662,1860,270,"123","147","0","0","0",265,"119","146",268,"0",263,558,"3206","1619","1587",13361,7189,5444,1925,2775,2721,2310,29664,10527,19143,1909,6351,1788,5282,3190,228682,4761,2351,2410,1047,542,505,1166,555,611,9781,4870,4911,10348,5044,5304,515,209,306,10664,6581,4083,13761,7889,5872,12922,7396,5526,29826,16358,13468,4556,2003,2553,61701,32132,29569,77442,38860,38582,9.37,9.19,9.58,125419,49129,76290,95800,66264,29536,122178,48338,73840,3241,791,2450,45024,228159,109398,11466,"650",24786,79999,977,2389,"1302",71979,126380,23300,242323,15928,"223",14662,74971,24881,50090,272951,84512,188439,93638,74992,93157,74511,74919,74971,15156,3490,272951,3.64,0.9,73802,1091,17902,56991,1430,8276,65187,74737,158,73889,53722,1006,63026,18390,73461,423,73640,1255,72879,"53",73194,28250,289,71586,65559,44017,41023,14906,36384,52840,71801,28668,29296,66046,42967,36188,13176,8662,1704,5441,28978,703
"28",28,11,"Guanajuato",28,"028","Salvatierra",0,"Total del municipio",0,0,94126,48679,45447,3850,1880,1970,90215,46768,43447,87267,45315,41952,76387,39924,36463,71844,37685,34159,67301,35435,31866,4503,2240,2263,9325,4604,4721,10889,5357,5532,4543,2239,2304,4543,2250,2293,10414,5191,5223,23986,15847,8447,7400,93.36,22221,60146,11698,2.36,89003,46078,42925,4206,2125,2081,85715,44717,40998,763,381,382,49,"22","27","*","*","0",47,"20","27",49,"*",47,132,"995","479","516",5647,3134,2249,724,1359,1112,931,10710,3843,6844,662,2506,619,1822,1226,77105,1696,824,872,426,215,211,422,211,211,3185,1630,1555,3031,1571,1460,205,99,106,5450,3041,2409,6204,3251,2953,9387,4977,4410,11661,5931,5730,2174,932,1242,20896,11490,9406,19236,9909,9327,8.12,8.11,8.13,43209,16290,26919,32780,23501,9279,42457,16106,26351,752,184,568,13141,80842,16995,5307,"138",53,57019,565,1071,"207",24336,43333,8698,88554,2976,"24",2423,25786,8493,17293,94015,28429,65586,38171,25802,38077,25708,25753,25786,9300,3069,94015,3.65,0.99,24857,880,7794,17941,733,4227,20775,25607,129,25433,18738,303,21483,3996,24818,447,24915,820,24690,"30",24667,12747,198,23958,21178,13631,10758,5471,9021,17997,24491,6825,10593,20853,9792,4897,1679,1305,753,2634,14422,424
"29",29,11,"Guanajuato",29,"029","San Diego de la Unión",0,"Total del municipio",0,0,41054,21809,19245,2469,1220,1249,38571,20582,17989,36944,19762,17182,31308,16962,14346,28848,15766,13082,26285,14509,11776,2436,1205,1231,4827,2415,2412,5672,2809,2863,2460,1196,1264,2563,1257,1306,5534,2966,2568,11630,4406,2400,2006,88.24,12192,25668,3180,2.66,38894,20657,18237,1843,981,862,35924,19444,16480,466,230,236,31,"17","14","0","0","0",29,"17","12",30,"0",28,81,"315","172","143",2054,1016,787,318,435,441,421,5185,1765,3182,341,1089,263,1318,484,33576,724,368,356,117,58,59,299,139,160,1412,733,679,800,472,328,133,59,74,2983,1756,1227,3387,1823,1564,3988,1982,2006,6016,3155,2861,934,411,523,8587,5033,3554,4978,2852,2126,7.13,7.29,6.95,17030,6095,10935,14183,10832,3351,16798,6068,10730,232,27,205,6755,34263,3304,893,"47",22,29946,204,66,"34",10995,17587,2718,39861,447,"16",691,10165,3587,6578,41044,13132,27912,13180,10167,13102,10089,10138,10165,1686,1327,41044,4.04,1.1,9653,480,3481,6651,375,1608,8150,10035,98,9842,4694,291,8160,1626,8444,440,8603,1527,8464,"34",8333,4492,99,8509,7463,4376,4879,2162,4881,6055,9407,1464,1436,8541,2531,3299,314,302,469,1298,7074,207
"30",30,11,"Guanajuato",30,"030","San Felipe",0,"Total del municipio",0,0,119793,61706,58087,7916,3869,4047,111766,57781,53985,106716,55276,51440,88904,46526,42378,81787,43034,38753,74571,39435,35136,7545,3694,3851,15317,7561,7756,17398,8537,8861,7117,3492,3625,7216,3599,3617,15376,8058,7318,32045,11952,6189,5763,94.14,37895,73204,8583,2.71,104737,54146,50591,14144,7101,7043,104137,54480,49657,1404,648,756,85,"29","56","0","0","0",80,"26","54",84,"0",79,166,"425","200","225",6069,2885,2458,947,1297,1146,1220,14457,4510,8985,1056,2879,695,3124,1532,98524,2568,1274,1294,495,234,261,837,371,466,4042,2138,1904,2512,1335,1177,428,161,267,7117,3940,3177,9166,4550,4616,8507,3708,4799,13500,6489,7011,2601,1073,1528,28397,16468,11929,16978,9298,7680,7.69,7.94,7.42,51773,18168,33605,36880,28284,8596,51075,18015,33060,698,153,545,21092,98564,22671,3704,"169",44,71878,119,336,"124",31237,50577,7085,115145,2241,"9",2236,27991,9266,18725,119582,36627,82955,36661,28000,36639,27978,27976,27991,5789,2872,119582,4.27,1.15,27052,898,8744,19206,1031,4209,22710,27526,423,25856,15089,2094,18311,2441,24537,564,24531,3412,23316,"166",24088,12422,287,24124,18977,11910,13423,6126,15558,16608,25916,4736,4485,22900,6600,12262,1157,1030,1260,3981,19804,640
"31",31,11,"Guanajuato",31,"031","San Francisco del Rincón",0,"Total del municipio",0,0,130871,66889,63982,7604,3754,3850,123147,63075,60072,118149,60583,57566,100893,52110,48783,93779,48568,45211,86566,44962,41604,7407,3655,3752,14847,7310,7537,17078,8421,8657,7114,3542,3572,7213,3606,3607,17010,8536,8474,35758,13055,7068,5987,95.65,36972,84845,8934,2.3,119539,61149,58390,10006,5088,4918,115632,59509,56123,1770,824,946,340,"125","215","23","15","8",303,"105","198",333,"18",302,607,"1660","871","789",7075,3372,3077,1073,1337,1448,1188,14385,4178,9340,884,2527,637,2566,1711,108393,3270,1626,1644,689,323,366,1544,656,888,3640,2011,1629,3710,2022,1688,525,193,332,4626,2709,1917,5166,2804,2362,10857,5587,5270,24107,12168,11939,3983,1614,2369,22423,12034,10389,24585,12876,11709,8.2,8.22,8.18,68824,28596,40228,31745,23390,8355,68131,28430,39701,693,166,527,32085,98527,37526,3974,"180",47,54221,380,1944,"1003",35280,55634,9890,120332,5771,"94",4366,32211,9844,22367,130585,37866,92719,38921,32225,38243,31547,32156,32211,5530,1166,130585,4.05,1.1,31655,455,8057,24060,1130,4952,26034,32015,102,31711,24128,405,25243,5310,31213,234,31327,779,30965,"22",31064,10448,167,29176,27534,14468,17333,10377,18098,22310,30406,10019,10612,27767,13901,13622,4023,3180,912,2801,16059,380
"32",32,11,"Guanajuato",32,"032","San José Iturbide",0,"Total del municipio",0,0,89558,46139,43419,4919,2416,2503,84607,43706,40901,80839,41859,38980,68135,35671,32464,62738,33020,29718,57476,30427,27049,5615,2735,2880,10857,5300,5557,12678,6179,6499,5397,2651,2746,5262,2593,2669,11334,5864,5470,25264,7449,4017,3432,94.1,26788,57664,5074,2.23,68458,35794,32664,20349,9957,10392,76247,39779,36468,4139,1985,2154,186,"77","109","0","0","0",185,"76","109",184,"0",183,405,"604","307","297",3062,1485,1329,506,632,605,606,7385,2324,4630,559,1586,471,1299,922,78576,2020,959,1061,370,169,201,350,153,197,3944,2067,1877,3212,1780,1432,208,85,123,3621,2140,1481,4980,2768,2212,3897,2000,1897,7099,3673,3426,1162,499,663,21164,11505,9659,21816,11160,10656,9.1,9.03,9.18,42361,16964,25397,25625,18657,6968,41817,16836,24981,544,128,416,17573,71914,32823,2628,"121",43,34264,621,1612,"236",25646,37376,5098,83821,2150,"54",3401,22741,6865,15876,89506,24499,65007,28189,22749,27914,22474,22705,22741,4024,1416,89506,3.94,1.09,22165,532,6342,16355,871,3390,18436,22612,85,22554,14850,143,20128,2877,21949,155,21983,713,21865,"19",21883,6886,134,20608,17368,11035,14922,3542,9786,14818,21236,7267,3845,20654,9346,12004,2448,1773,799,1585,11791,275
"33",33,11,"Guanajuato",33,"033","San Luis de la Paz",0,"Total del municipio",0,0,128536,67884,60652,7573,3810,3763,120879,64030,56849,115566,61419,54147,97298,52466,44832,89300,48543,40757,81306,44484,36822,7936,3883,4053,15645,7681,7964,18478,9066,9412,7998,3923,4075,7994,4059,3935,17011,8976,8035,36529,11854,6431,5423,89.35,39152,81174,8126,2.47,119328,63250,56078,8367,4221,4146,113325,60575,52750,1457,702,755,2293,"1137","1156","42","22","20",2246,"1113","1133",2232,"42",2185,4278,"966","505","461",5329,2526,2253,936,1197,1095,988,11833,3895,7389,953,2506,730,2258,1487,110502,3257,1616,1641,542,242,300,820,376,444,4927,2717,2210,4022,2187,1835,364,143,221,7832,4720,3112,10286,5685,4601,7269,3488,3781,13456,7030,6426,2334,1011,1323,28855,16147,12708,23486,13107,10379,8.23,8.33,8.11,56086,22260,33826,40842,30071,10771,55142,22065,33077,944,195,749,32058,96323,26658,5661,"130",37,62601,843,694,"271",37341,51620,8303,123212,1749,"25",3368,30386,11883,18503,128428,47673,80755,38180,30404,37744,29968,30361,30386,6032,1744,128428,4.23,1.15,28744,1585,9194,21135,1253,5282,23795,29935,395,28642,16150,1688,24152,7110,27076,1040,27669,2656,26715,"165",26863,11135,446,25394,22021,12914,16002,8552,10981,18358,28042,7211,4828,26124,10968,13379,1888,1381,1419,3625,17748,706
"34",34,11,"Guanajuato",34,"034","Santa Catarina",0,"Total del municipio",0,0,5723,3030,2693,336,173,163,5387,2857,2530,5147,2744,2403,4367,2344,2023,4033,2186,1847,3674,2013,1661,353,171,182,667,342,325,784,388,396,334,158,176,359,173,186,691,361,330,1519,726,414,312,88.88,1690,3482,551,2.7,4790,2547,2243,824,424,400,4869,2619,2250,210,111,99,7,"5","*","0","0","0",7,"5","*",7,"0",7,39,"12","4","8",442,252,183,66,94,101,85,764,311,457,44,137,21,130,61,4502,81,37,44,15,7,8,29,14,15,250,125,125,150,94,56,16,9,7,509,300,209,594,338,256,339,160,179,679,311,368,89,35,54,1219,678,541,973,589,384,7.69,7.88,7.45,2219,874,1345,2131,1469,662,2126,864,1262,93,10,83,637,5086,138,145,"5",4,4796,4,4,"*",1582,2297,488,5449,109,"*",164,1550,649,901,5721,2120,3601,2384,1551,2382,1549,1541,1550,644,189,5721,3.69,1.1,1487,54,570,971,77,348,1116,1491,50,1480,780,61,1405,261,1395,59,1426,115,1368,"10",1400,840,65,1203,722,388,652,132,228,585,1289,284,166,1266,400,636,40,38,199,219,1055,91
"35",35,11,"Guanajuato",35,"035","Santa Cruz de Juventino Rosas",0,"Total del municipio",0,0,82340,43178,39162,4333,2167,2166,77995,41004,36991,74889,39443,35446,63501,33749,29752,58877,31421,27456,54345,29156,25189,4678,2341,2337,9816,4914,4902,11232,5619,5613,4624,2328,2296,4532,2265,2267,10042,5173,4869,22859,8734,4602,4132,90.7,23451,52862,6015,2.19,80588,42294,38294,1481,754,727,74448,39287,35161,226,111,115,51,"22","29","*","*","*",49,"21","28",50,"*",48,105,"860","469","391",3059,1676,1166,472,607,619,518,7005,2633,4402,457,1583,346,1113,785,71815,1795,894,901,576,277,299,642,296,346,2811,1461,1350,2570,1314,1256,285,126,159,4692,2602,2090,5945,3112,2833,6078,3172,2906,10891,5819,5072,1516,676,840,18854,10440,8414,13566,7117,6449,7.92,7.94,7.89,36296,13687,22609,26989,19988,7001,35700,13547,22153,596,140,456,17808,64494,17574,3387,"215",104,41797,457,431,"943",21666,36127,5705,78315,2423,"12",1540,19426,7661,11765,82296,31499,50797,23941,19432,23904,19395,19346,19426,3638,871,82296,4.24,1.13,18224,1121,4713,14631,377,2645,16322,19210,134,18877,12872,467,12411,5563,18637,254,18463,881,18071,"25",18333,10206,120,18047,15054,8620,7831,2891,13129,12249,18324,4145,3715,16550,6965,6101,929,708,647,2123,11555,304
"36",36,11,"Guanajuato",36,"036","Santiago Maravatío",0,"Total del municipio",0,0,6714,3495,3219,321,158,163,6393,3337,3056,6207,3255,2952,5496,2927,2569,5205,2771,2434,4884,2603,2281,284,121,163,613,289,324,686,351,335,291,156,135,321,168,153,685,361,324,1674,1341,696,645,92.1,1509,4188,1017,2.56,6138,3214,2924,456,224,232,5987,3180,2807,106,48,58,3,"0","3","0","0","0",3,"0","3",3,"0",3,3,"38","15","23",643,337,262,65,168,89,123,1201,440,803,77,324,59,306,76,4844,77,32,45,22,12,10,23,8,15,203,113,90,196,108,88,11,4,7,530,278,252,594,277,317,827,429,398,852,425,427,156,86,70,1409,813,596,1223,666,557,7.54,7.73,7.31,2850,1054,1796,2624,1870,754,2738,1046,1692,112,8,104,929,5783,297,515,"0",8,4955,20,7,"0",1623,3183,690,6276,154,"0",279,2002,614,1388,6711,1801,4910,3383,2003,3381,2001,1999,2002,1046,334,6711,3.35,0.89,1980,19,678,1321,54,283,1661,1995,4,1990,1636,9,1632,240,1957,8,1969,30,1964,"*",1950,879,11,1868,1690,1058,911,507,1141,1316,1917,475,921,1493,824,283,99,107,38,197,1085,25
"37",37,11,"Guanajuato",37,"037","Silao de la Victoria",0,"Total del municipio",0,0,203556,103483,100073,11887,5963,5924,191600,97483,94117,183437,93441,89996,155929,79839,76090,143976,73937,70039,132270,68041,64229,12051,5964,6087,23620,11680,11940,27853,13710,14143,11953,5902,6051,11706,5896,5810,25843,12833,13010,55766,18264,9728,8536,96.7,59511,131586,12390,2.31,189903,97136,92767,12299,5730,6569,179087,91659,87428,3414,1519,1895,247,"104","143","3","3","0",227,"91","136",247,"3",227,492,"2929","1431","1498",9484,4575,3767,1658,1689,2127,1576,19068,5814,12057,1494,3403,1071,3054,2092,173559,5066,2527,2539,933,436,497,1192,607,585,7316,3752,3564,5834,2974,2860,696,289,407,7942,4772,3170,9283,5117,4166,12680,6544,6136,22539,11501,11038,4135,1813,2322,48700,25999,22701,41001,20032,20969,8.68,8.59,8.77,93113,35093,58020,62056,44501,17555,91255,34702,56553,1858,391,1467,29155,173892,87648,8024,"564",276,73341,1037,3344,"1359",52642,89052,13841,185710,9175,"148",7981,46602,14542,32060,203021,61266,141755,57175,46625,56109,45559,46562,46602,8364,2186,203021,4.36,1.17,45090,1443,11259,35275,1593,7292,37648,46311,223,44142,24999,2394,33717,23033,45127,496,45501,1024,43315,"40",45008,19929,347,42259,36517,18980,21102,11292,21382,32963,43956,12559,9270,40201,16913,17916,4357,3260,1458,5153,26940,747
"38",38,11,"Guanajuato",38,"038","Tarandacuao",0,"Total del municipio",0,0,11304,5810,5494,522,248,274,10778,5559,5219,10392,5376,5016,9045,4723,4322,8464,4439,4025,7858,4155,3703,573,274,299,1160,562,598,1359,647,712,581,284,297,606,284,322,1170,611,559,2828,1953,1037,916,94.56,2836,6997,1467,2.52,9800,5010,4790,1362,736,626,10062,5223,4839,233,127,106,5,"*","3","0","0","0",5,"*","3",5,"0",5,13,"50","23","27",860,431,403,130,193,158,152,1651,557,1061,117,390,67,337,155,8725,204,99,105,64,25,39,66,32,34,369,192,177,297,153,144,26,8,18,589,319,270,569,299,270,1210,614,596,1481,719,762,249,103,146,2635,1431,1204,2057,1144,913,8.05,8.19,7.89,4809,1747,3062,4185,2964,1221,4753,1736,3017,56,11,45,1942,9356,616,549,"146",8,7834,36,201,"22",2924,5157,963,10890,229,"8",170,3189,1127,2062,11298,3765,7533,5199,3190,5145,3136,3189,3189,1357,652,11298,3.54,0.93,3157,29,918,2268,62,436,2688,3168,18,3152,1821,34,2808,1379,3100,26,3126,60,3096,"*",3097,1349,18,3022,2386,1534,1613,690,1538,2482,3038,624,881,2687,1122,970,86,119,80,298,1942,39
"39",39,11,"Guanajuato",39,"039","Tarimoro",0,"Total del municipio",0,0,35905,18505,17400,1626,810,816,34278,17695,16583,33140,17135,16005,28825,14979,13846,27103,14136,12967,25443,13322,12121,1754,884,870,3699,1832,1867,4206,2075,2131,1722,843,879,1660,814,846,3916,1973,1943,9189,5905,3039,2866,94.03,8801,22787,4316,2.53,33879,17464,16415,1581,818,763,32444,16849,15595,345,169,176,18,"8","10","0","0","0",18,"8","10",18,"0",18,57,"116","52","64",1778,1077,560,253,372,349,299,3742,1449,2169,228,910,215,793,415,30177,640,321,319,141,66,75,172,73,99,1080,575,505,937,492,445,96,39,57,2420,1226,1194,3196,1501,1695,3725,1938,1787,4526,2371,2155,716,311,405,7884,4341,3543,6249,3234,3015,7.57,7.68,7.45,16362,5834,10528,12285,9076,3209,15965,5756,10209,397,78,319,4384,31501,4819,1189,"109",42,25306,144,64,"48",9076,16655,3089,34085,687,"9",1095,10193,3330,6863,35846,10633,25213,15897,10198,15887,10188,10188,10193,4291,1408,35846,3.52,0.99,9834,351,3479,6708,281,1933,7973,10133,54,10080,7650,107,8013,1383,9831,120,9819,366,9740,"14",9699,4564,98,9431,8118,5547,4557,2650,5967,7394,9660,2238,3665,7877,3292,1412,389,413,309,1245,6261,169
"40",40,11,"Guanajuato",40,"040","Tierra Blanca",0,"Total del municipio",0,0,20007,10347,9660,1257,608,649,18747,9737,9010,17907,9310,8597,15090,7934,7156,13796,7256,6540,12514,6645,5869,1228,604,624,2429,1199,1230,2912,1465,1447,1294,678,616,1282,611,671,2803,1426,1377,5459,1890,1055,835,93.36,6208,12430,1366,2.64,18101,9382,8719,1800,910,890,17372,9070,8302,413,220,193,1513,"767","746","*","*","*",1507,"764","743",1512,"*",1506,1517,"56","27","29",976,490,416,163,278,172,219,1917,734,1161,129,401,93,344,247,17031,450,221,229,53,29,24,88,38,50,789,410,379,540,316,224,68,26,42,1459,973,486,1559,987,572,1385,628,757,1971,896,1075,341,166,175,4539,2421,2118,3477,1885,1592,7.97,7.95,7.99,8364,3120,5244,6698,4804,1894,8221,3100,5121,143,20,123,4137,15862,1716,705,"29",8,13348,79,70,"35",5415,8407,1268,19156,409,"*",428,4904,1534,3370,20007,5474,14533,6623,4904,6619,4900,4895,4904,1034,685,20007,4.08,1.25,4683,212,1817,3078,373,1124,3398,4797,98,4636,1989,259,3818,442,2952,1097,3307,1588,3241,"50",2872,2854,235,3585,1728,987,1932,301,720,2470,4113,771,625,3473,1324,1364,64,74,547,1206,3334,337
"41",41,11,"Guanajuato",41,"041","Uriangato",0,"Total del municipio",0,0,61494,31862,29632,2721,1412,1309,58773,30450,28323,57077,29603,27474,50688,26524,24164,47751,25071,22680,44660,23508,21152,2570,1287,1283,5515,2639,2876,6697,3261,3436,2937,1453,1484,3091,1563,1528,7235,3660,3575,16839,8604,4632,3972,93,13743,41704,6047,2.08,56105,29148,26957,4933,2489,2444,56306,29290,27016,550,260,290,98,"46","52","*","*","0",97,"45","52",95,"0",95,267,"334","167","167",2921,1449,1224,361,611,522,449,6618,2185,4288,403,1546,383,1325,698,51573,940,460,480,318,151,167,370,180,190,2114,1154,960,2373,1212,1161,188,87,101,2741,1649,1092,3192,1820,1372,6661,3625,3036,10968,6040,4928,1467,607,860,11789,6119,5670,12138,6022,6116,8.01,7.86,8.19,33124,14641,18483,17370,11804,5566,32669,14519,18150,455,122,333,12971,48488,8360,2133,"132",27,36874,448,497,"329",16177,28813,5694,55244,3028,"42",3129,17350,6415,10935,61447,21759,39688,22919,17360,22457,16898,17339,17350,4493,1066,61447,3.54,0.97,17124,215,5018,12321,436,2914,13989,17289,50,17164,15161,175,16145,9121,17148,114,17211,128,17065,"14",17118,5131,51,16532,14568,8670,7217,9739,6716,13061,16535,5037,6149,14616,7148,7505,1712,1209,414,1495,9218,174
"42",42,11,"Guanajuato",42,"042","Valle de Santiago",0,"Total del municipio",0,0,150054,77750,72304,7652,3718,3934,142338,73999,68339,137412,71590,65822,119432,62595,56837,111522,58622,52900,103620,54671,48949,7329,3573,3756,15577,7831,7746,18525,9245,9280,7910,3973,3937,7902,3951,3951,17762,9007,8755,39916,20185,10734,9451,93,38468,97161,14361,2.31,144047,74796,69251,4943,2404,2539,133962,70714,63248,1053,530,523,107,"49","58","10","8","*",93,"39","54",105,"9",92,187,"1712","866","846",7586,4254,2892,1243,1779,1786,1543,14345,5409,8597,1143,3362,960,2908,1754,127192,3206,1535,1671,863,428,435,1097,532,565,4674,2424,2250,3822,1913,1909,454,191,263,7832,4454,3378,8543,4462,4081,14361,7564,6797,20559,10434,10125,2741,1265,1476,35286,19621,15665,26763,13514,13249,7.99,7.97,8.01,67924,24053,43871,51082,38420,12662,66556,23797,42759,1368,256,1112,32044,117911,27769,6227,"524",273,81285,1384,663,"284",37140,70418,11864,132721,8275,"60",8841,37795,12582,25213,148627,46627,102000,49543,37805,49452,37714,37776,37795,8885,2853,148627,3.93,1.09,36088,1670,10949,26810,1210,6270,30279,37627,132,37153,18488,606,30366,2407,36097,504,36343,1408,35850,"26",35943,17260,258,34609,30874,17216,17335,7931,15756,25795,35683,8866,12020,29997,13453,10083,2316,1939,1230,4723,22328,607
"43",43,11,"Guanajuato",43,"043","Victoria",0,"Total del municipio",0,0,21253,11318,9935,1286,638,648,19966,10679,9287,19098,10222,8876,16042,8705,7337,14765,8041,6724,13404,7350,6054,1303,653,650,2621,1321,1300,3016,1543,1473,1277,664,613,1361,691,670,2639,1411,1228,5651,2620,1435,1185,87.78,6487,12823,1942,2.68,19410,10339,9071,1690,905,785,18645,10053,8592,263,137,126,46,"19","27","0","0","0",43,"19","24",45,"0",42,142,"108","65","43",1174,598,519,197,324,238,227,2153,813,1363,171,570,148,410,308,17782,278,141,137,50,24,26,81,35,46,949,530,419,718,405,313,45,14,31,1245,789,456,1580,921,659,1151,537,614,2491,1177,1314,296,106,190,4918,2849,2069,3693,2098,1595,8.23,8.36,8.07,9048,3633,5415,6920,5039,1881,8945,3616,5329,103,17,86,3352,17895,1168,1368,"202",4,14491,556,223,"43",5974,8684,1382,20361,248,"18",618,5471,1975,3496,21248,6719,14529,7422,5473,7379,5430,5459,5471,1501,448,21248,3.88,1.12,5099,359,1892,3566,208,1040,4210,5329,129,4824,2731,634,4478,1140,4415,314,4556,902,4221,"66",4298,2836,259,4352,2581,1485,2481,538,1896,2207,4510,1034,740,3630,1866,2044,131,113,750,1620,3285,495
"44",44,11,"Guanajuato",44,"044","Villagrán",0,"Total del municipio",0,0,65791,33804,31987,3462,1659,1803,62310,32134,30176,59875,30936,28939,51293,26636,24657,47652,24890,22762,44088,23118,20970,3667,1822,1845,7350,3676,3674,8544,4204,4340,3641,1746,1895,3564,1772,1792,8156,4073,4083,18280,6475,3458,3017,94.62,18120,43312,4340,2.22,60391,31092,29299,4994,2485,2509,58421,30285,28136,1255,600,655,164,"72","92","0","0","0",150,"63","87",162,"0",148,438,"1848","941","907",3177,1521,1379,456,619,553,544,6762,2172,4237,403,1359,339,1257,679,55515,1340,651,689,301,136,165,263,128,135,2564,1295,1269,2363,1166,1197,250,101,149,2413,1524,889,2848,1669,1179,3408,2098,1310,5781,3447,2334,1192,589,603,17460,8976,8484,15278,7265,8013,8.94,8.65,9.26,29425,11167,18258,21785,15439,6346,28716,11041,17675,709,126,583,11017,54725,34254,2432,"223",1122,16356,109,466,"249",15979,30005,5296,58369,3589,"34",3752,16398,5403,10995,65767,20743,45024,22120,16401,21920,16201,16381,16398,5273,446,65767,4.01,1.11,15730,643,4102,12271,412,2866,13095,16324,49,16125,10801,247,12448,6727,16098,177,16178,190,15969,"9",16057,8020,72,15321,13553,8782,7210,2608,12025,11514,15647,4970,4832,14359,6656,5479,1492,1230,374,1296,8581,144
"45",45,11,"Guanajuato",45,"045","Xichú",0,"Total del municipio",0,0,11143,5873,5270,669,323,346,10474,5550,4924,10028,5321,4707,8385,4510,3875,7672,4140,3532,6947,3780,3167,670,323,347,1419,717,702,1671,846,825,713,370,343,725,360,365,1233,685,548,2809,1661,861,800,89.73,3471,6415,1257,3.21,10220,5380,4840,823,439,384,9693,5192,4501,213,114,99,6,"3","3","0","0","0",6,"3","3",6,"0",6,13,"3","*","*",644,332,230,120,170,133,140,1392,546,803,97,353,75,229,100,9071,149,74,75,56,38,18,93,44,49,426,223,203,191,119,72,35,15,20,1121,682,439,1544,844,700,776,350,426,1369,649,720,178,81,97,2203,1227,976,1325,839,486,6.72,6.98,6.41,3664,1158,2506,4701,3345,1356,3648,1155,2493,16,3,13,531,10611,97,299,"*",0,10203,3,14,"*",2876,4805,702,10729,101,"0",307,3011,1140,1871,11136,3673,7463,4304,3013,4301,3010,3005,3011,929,362,11136,3.7,1.05,2820,185,1130,1875,117,552,2336,2910,95,2486,582,519,2791,660,2630,123,2666,339,2255,"30",2581,1714,221,2244,1601,608,1175,355,76,1009,2165,388,403,1842,1482,1173,68,50,622,1045,1454,372
"46",46,11,"Guanajuato",46,"046","Yuriria",0,"Total del municipio",0,0,68741,35883,32858,3601,1765,1836,65135,34115,31020,62782,32946,29836,54759,28986,25773,51264,27310,23954,47798,25601,22197,3448,1679,1769,6928,3450,3478,8213,4060,4153,3495,1676,1819,3466,1709,1757,7457,3898,3559,17862,11210,5912,5298,91.57,17472,42889,8375,2.56,64382,33597,30785,3555,1874,1681,61268,32387,28881,643,340,303,41,"14","27","0","0","0",41,"14","27",41,"0",41,123,"536","271","265",4628,2482,1931,647,1140,948,799,9176,3376,5736,558,2169,557,1963,1141,54451,1248,589,659,314,143,171,483,215,268,2112,1100,1012,1663,860,803,225,90,135,5011,2727,2284,5360,2682,2678,8395,4288,4107,10286,5369,4917,1535,650,885,13316,7783,5533,10879,5713,5166,7.42,7.52,7.32,31945,12032,19913,22579,16864,5715,31342,11877,19465,603,155,448,13187,55506,4050,3943,"179",57,47273,85,144,"63",16305,32260,6186,62772,2836,"31",3058,19175,6418,12757,68724,20923,47801,30247,19179,30218,19150,19166,19175,6581,4487,68724,3.58,0.99,18567,595,6280,12882,661,3368,15134,19077,86,18881,13193,282,16190,2900,18054,345,18149,1014,17971,"20",17936,9508,181,17700,14911,8639,7721,4429,4780,12933,17933,4063,6428,14466,6516,3369,944,840,754,2819,11674,404
